Level1,Level2,Difference,SE,CI_low,CI_high,t,df,p
2003,2002,0.9744576101428208,0.614316557716333,-0.23006701029117282,2.1789822305768145,1.586246696272163,2998,0.11278881881917763
2004,2002,2.3488138830732908,0.6746205265164765,1.0260479191214207,3.6715798470251606,3.481681613220117,2998,5.053962889973742e-4
2005,2002,6.175689359083009,0.6404171640471785,4.9199878290592265,7.431390889106791,9.643228985393113,2998,1.0806431735102662e-21
2004,2003,1.37435627293047,0.659532164967463,0.08117489812813816,2.667537647732802,2.083835096955842,2998,0.03725966108761498
2005,2003,5.201231748940188,0.745189221579741,3.7400978221393477,6.662365675741029,6.9797463494090755,2998,3.6255291209996686e-12
2005,2004,3.826875476009718,0.8442088679071726,2.1715882248195117,5.482162727199924,4.533090827980396,2998,6.040272669293434e-6
