Level1,Level2,Difference,SE,CI_low,CI_high,t,df,p
2003,2002,0.9744576101429914,0.5739190855230082,-0.1508572895896969,2.0997725098756796,1.6979006879601772,2999,0.08963024974542863
2004,2002,2.3488138830736887,0.6498881675950576,1.0745422015730843,3.6230855645742928,3.6141816395359023,2999,3.0625057676221084e-4
2005,2002,6.175689359083009,0.6072875235519228,4.984947116991553,7.366431601174464,10.169300569460802,2999,6.6094600597405076e-24
2004,2003,1.3743562729306973,0.6068424159471919,0.18448677794283674,2.5642257679185576,2.264766332764543,2999,0.023598100091007206
2005,2003,5.2012317489400175,0.7143216232740881,3.8006218264819744,6.601841671398061,7.281358395816451,2999,4.2023685084580357e-13
2005,2004,3.82687547600932,0.8730836459276937,2.114972073145425,5.538778878873215,4.383171639806721,2999,1.2098157040606732e-5
